,X,Name,EM,State,Time,Longitude,Latitude,Confederacy
1,1,Johnson City,0.06219881,TN,0.325,-82.43638611,36.47037125,TRUE
2,2,Morristown,0.05365194,TN,0.276,-83.40724945,36.09653854,TRUE
3,3,Middlesborough,0.072635137,TN,0.359,-83.53533173,36.55154037,TRUE
4,4,Knoxville,0.056281213,TN,0.269,-84.24279022,35.95225906,TRUE
5,5,Winston-Salem,0.044800792,NC,0.292,-80.50533295,36.08127594,TRUE
6,6,Martinsville,0.051835854,VA,0.313,-80.29411316,36.70058823,TRUE
7,7,Greensboro,0.047396939,NC,0.305,-79.76738739,36.31110764,TRUE
8,8,North Wilkesboro,0.051663127,NC,0.289,-81.2522049,36.28341675,TRUE
9,9,Galax,0.079569891,VA,0.325,-81.03992462,36.59199905,TRUE
10,10,Spartanburg,0.04311119,SC,0.299,-81.78596497,34.87308121,TRUE
11,11,Gastonia,0.051527306,NC,0.288,-81.6222229,35.41153336,TRUE
12,12,Charlotte,0.043785237,NC,0.241,-80.69176483,35.09056091,TRUE
13,13,Boone,0.056083649,NC,0.375,-81.84039307,36.19696426,TRUE
14,14,Morganton,0.054446463,NC,0.315,-81.99520874,35.80189514,TRUE
15,15,Hickory,0.044969671,NC,0.322,-81.28756714,35.87122726,TRUE
16,16,Franklin,0.056661561,NC,0.416,-83.37693787,34.97714615,TRUE
17,17,Sylva,0.060665362,NC,0.412,-83.40532684,35.34777069,TRUE
18,18,Asheville,0.063380279,NC,0.314,-82.69906616,35.54806519,TRUE
19,19,Andrews,0.080481038,NC,0.361,-83.8927536,34.96515656,TRUE
20,20,Bennettsville,0.029796841,SC,0.34,-79.97753143,34.53401184,TRUE
21,21,Florence,0.0356782,SC,0.327,-79.71277618,33.92253113,TRUE
22,22,Fayetteville,0.038247012,NC,0.322,-79.33141327,35.03549576,TRUE
23,23,Wilmington,0.041803397,NC,0.317,-78.33686829,34.47793579,TRUE
24,24,Wilson,0.031958379,NC,0.36,-77.78102875,35.91067886,TRUE
25,25,Raleigh,0.049986634,NC,0.25,-78.71379089,35.7296524,TRUE
26,26,Henderson,0.033608817,NC,0.345,-78.2416153,36.34949493,TRUE
27,27,Goldsboro,0.045354951,NC,0.348,-78.17847443,35.05299377,TRUE
28,28,Jacksonville,0.04700724,NC,0.375,-77.10850525,35.19292831,TRUE
29,29,Virginia Beach,0.053550944,VA,0.253,-76.29445648,36.4986496,TRUE
30,30,Washington,0.049788479,NC,0.387,-76.53919983,35.68222809,TRUE
31,31,South Boston,0.049048752,VA,0.318,-78.50386047,36.99875641,TRUE
32,32,Lynchburg,0.067359142,VA,0.309,-79.28725433,37.35041809,TRUE
33,33,Richmond,0.054764673,VA,0.238,-77.35938263,37.49375534,TRUE
34,34,Newport News,0.051365763,VA,0.29,-76.74573517,37.17897034,TRUE
35,35,Roanoke Rapids,0.032752901,NC,0.357,-77.33207703,36.25989914,TRUE
36,36,Gulfport,0.067107029,MS,0.298,-89.41765594,30.68035507,TRUE
37,37,Laurel,0.069207057,MS,0.32,-89.11618042,31.80095291,TRUE
38,38,Hattiesburg,0.060510889,MS,0.358,-89.4493866,31.2641201,TRUE
39,39,Kosciusko,0.035489667,MS,0.365,-90.05406189,33.14200211,TRUE
40,40,Yazoo City,0.024789523,MS,0.417,-90.47216797,32.89740372,TRUE
41,41,Jackson,0.037534047,MS,0.267,-90.22772217,32.29021835,TRUE
42,42,McComb,0.06252972,MS,0.341,-90.77793884,31.22748756,TRUE
43,43,Brookhaven,0.064295486,MS,0.321,-90.25445557,31.52368927,TRUE
44,44,Jena,0.126422256,LA,0.369,-91.97135162,31.58461189,TRUE
45,45,Natchez,0.048746027,MS,0.418,-91.43305969,31.63621902,TRUE
46,46,Vicksburg,0.031178208,MS,0.379,-91.10588837,32.18022919,TRUE
47,47,New Orleans,0.051212866,LA,0.247,-89.90184784,30.04193306,TRUE
48,48,Houma,0.113469154,LA,0.414,-90.86232758,29.54486465,TRUE
49,49,Baton Rouge,0.060396895,LA,0.258,-91.1708374,30.55099297,TRUE
50,50,Alexandria,0.067212842,LA,0.343,-92.33112335,31.32106018,TRUE
51,51,Lake Charles,0.09711846,LA,0.369,-93.31432343,30.65583992,TRUE
52,52,Lafayette,0.095053539,LA,0.339,-91.95385742,30.21782875,TRUE
53,53,Monroe,0.055185098,LA,0.341,-91.72626495,32.35515976,TRUE
54,54,Lake Providence,0.057306591,LA,0.393,-91.26551819,32.77008438,TRUE
55,55,Magnolia,0.060388945,AR,0.463,-93.62854767,33.26146698,TRUE
56,56,Shreveport,0.052718505,LA,0.312,-93.1822052,32.00019455,TRUE
57,57,Ruston,0.068827927,LA,0.464,-92.67482758,32.18477631,TRUE
58,58,Many,0.151607961,LA,0.306,-93.65673065,31.47786903,TRUE
59,59,Crossett,0.041538462,AR,0.502,-92.00921631,33.19678116,TRUE
60,60,Pine Bluff,0.042829827,AR,0.396,-91.53390503,33.65812683,TRUE
61,61,El Dorado,0.056633048,AR,0.437,-92.50114441,33.57840347,TRUE
62,62,Little Rock,0.053561717,AR,0.293,-92.6370163,34.7950592,TRUE
63,63,Stuttgart,0.053962901,AR,0.529,-91.34266663,34.43963242,TRUE
64,64,Searcy,0.089104541,AR,0.421,-91.45471954,35.38779831,TRUE
65,65,London,0.063895308,KY,0.345,-84.00449371,37.02429962,FALSE
66,66,Richmond,0.059086841,KY,0.35,-84.13470459,37.58928299,FALSE
67,67,West Liberty,0.068438537,KY,0.295,-83.35540009,37.66867828,FALSE
68,68,Hazard,0.130659372,KY,0.315,-83.1802063,37.15041733,FALSE
69,69,Campbellsville,0.071428575,KY,0.404,-85.2498703,37.22867584,FALSE
70,70,Somerset,0.06271451,KY,0.372,-84.5739975,36.70191956,FALSE
71,71,Greenwood,0.03311066,MS,0.435,-90.01634979,33.54301834,TRUE
72,72,Clarksdale,0.027132504,MS,0.41,-90.24879456,34.18486786,TRUE
73,73,Greenville,0.02210159,MS,0.498,-90.98786926,33.28744507,TRUE
74,74,Jackson,0.047488127,TN,0.366,-88.89842224,35.67811584,TRUE
75,75,Dyersburg,0.043111529,TN,0.442,-89.58396149,35.93906403,TRUE
76,76,Lexington,0.081659973,TN,0.341,-88.06002045,35.61417389,TRUE
77,77,Tupelo,0.043573417,MS,0.341,-88.69317627,34.01062012,TRUE
78,78,Corinth,0.06576325,MS,0.372,-88.3704834,35.05685425,TRUE
79,79,New Albany,0.054625552,MS,0.299,-88.96955872,34.65546799,TRUE
80,80,Memphis,0.028182739,TN,0.224,-90.06506348,35.03543854,TRUE
81,81,West Memphis,0.032014072,AR,0.416,-90.59623718,34.76055145,TRUE
82,82,Bowling Green,0.064267352,KY,0.375,-86.36134338,36.97420883,FALSE
83,83,Glasgow,0.061355766,KY,0.376,-85.75846863,36.89606476,FALSE
84,84,Columbia,0.057019267,TN,0.304,-87.18280792,35.51335907,TRUE
85,85,Nashville,0.057263449,TN,0.24,-86.47760773,36.00641632,TRUE
86,86,Tullahoma,0.061447427,TN,0.37,-86.30361176,35.46224213,TRUE
87,87,Dickson,0.071536146,TN,0.33,-87.84519196,36.08886337,TRUE
88,88,Clarksville,0.059968848,TN,0.319,-87.56259918,36.66906738,TRUE
89,89,Huntsville,0.056676153,AL,0.286,-86.70026398,34.85558319,TRUE
90,90,Gadsden,0.071056664,AL,0.328,-86.07032776,34.31814575,TRUE
91,91,Florence,0.071067154,AL,0.33,-87.57102203,35.09656525,TRUE
92,92,McMinnville,0.057225432,TN,0.367,-85.67228699,35.87434387,TRUE
93,93,Cookeville,0.072028808,TN,0.38,-85.41253662,36.30226135,TRUE
94,94,Chattanooga,0.057053063,TN,0.256,-85.33704376,35.15502548,TRUE
95,95,Crossville,0.070844688,TN,0.338,-84.98107147,35.91074753,TRUE
96,96,Ellijay,0.064965196,GA,0.292,-84.37995911,34.69456863,TRUE
97,97,Cleveland,0.066822976,TN,0.343,-84.54332733,35.49681091,TRUE
98,98,Rome,0.048462134,GA,0.301,-85.13387299,34.4316864,TRUE
99,99,Tampa,0.060128428,FL,0.264,-82.41939545,28.15317154,TRUE
100,100,Lakeland,0.052058496,FL,0.289,-81.45503998,27.7498951,TRUE
101,101,Sarasota,0.068315662,FL,0.319,-82.26009369,27.17967606,TRUE
102,102,Miami,0.072966084,FL,0.198,-80.68955231,25.53691292,TRUE
103,103,Port St. Lucie,0.062430378,FL,0.26,-80.82254028,27.12598419,TRUE
104,104,Cape Coral,0.06019152,FL,0.273,-81.72699738,26.40024376,TRUE
105,105,Palm Bay,0.06588921,FL,0.3,-80.75243378,28.34344292,TRUE
106,106,Orlando,0.05781661,FL,0.212,-81.46723938,28.50101662,TRUE
107,107,Deltona,0.058778916,FL,0.303,-81.41559601,29.22130966,TRUE
108,108,Jacksonville,0.04921316,FL,0.229,-81.72441101,30.44257164,TRUE
109,109,Lake City,0.049539458,FL,0.339,-83.19487762,30.13010025,TRUE
110,110,Ocala,0.056420494,FL,0.273,-82.14886475,29.16606331,TRUE
111,111,Gainesville,0.049674656,FL,0.321,-82.65224457,29.6797657,TRUE
112,112,Sumter,0.034936708,SC,0.33,-80.38578033,33.98422623,TRUE
113,113,Columbia,0.037213266,SC,0.28,-80.9798584,33.84584045,TRUE
114,114,Barnwell,0.035372146,SC,0.349,-81.27600098,32.96419907,TRUE
115,115,Charleston,0.044469237,SC,0.269,-80.17147064,33.05682755,TRUE
116,116,Greenville,0.046985749,SC,0.308,-82.53110504,34.44403458,TRUE
117,117,Aiken,0.04104875,GA,0.275,-82.24224091,33.40648651,TRUE
118,118,Washington,0.031144781,GA,0.341,-82.82334137,33.67008591,TRUE
119,119,Fitzgerald,0.035914704,GA,0.458,-83.23399353,31.662714,TRUE
120,120,Cordele,0.03304904,GA,0.43,-83.58462524,32.03331757,TRUE
121,121,Valdosta,0.031849012,GA,0.422,-83.39602661,31.2604084,TRUE
122,122,Waycross,0.044591744,GA,0.41,-82.57080078,31.28265572,TRUE
123,123,Brunswick,0.047382671,GA,0.348,-81.70886993,31.30237579,TRUE
124,124,Hinesville,0.048941799,GA,0.413,-81.78079987,31.78359032,TRUE
125,125,Statesboro,0.03888889,GA,0.398,-81.91795349,32.61670685,TRUE
126,126,Savannah,0.040967092,GA,0.297,-81.06761169,32.24082565,TRUE
127,127,Macon,0.032611173,GA,0.294,-83.92269897,32.52194214,TRUE
128,128,Vidalia,0.048065297,GA,0.391,-82.68521881,32.00880432,TRUE
129,129,Milledgeville,0.032226563,GA,0.36,-83.06292725,33.15600586,TRUE
130,130,Dublin,0.032026969,GA,0.343,-82.78070831,32.71252441,TRUE
131,131,Atlanta,0.045329735,GA,0.178,-84.21256256,33.85394287,TRUE
132,132,Griffin,0.040281329,GA,0.315,-84.20983887,33.11499786,TRUE
133,133,Winder,0.037950665,GA,0.323,-83.34268951,33.97833252,TRUE
134,134,Toccoa,0.041666668,GA,0.407,-83.00666809,34.26760864,TRUE
135,135,Gainesville,0.069715701,GA,0.269,-83.68614197,34.40371704,TRUE
136,136,Talladega,0.044903226,AL,0.339,-86.12513733,33.16389465,TRUE
137,137,LaGrange,0.052343022,GA,0.294,-85.4132309,33.52843094,TRUE
138,138,Columbus,0.034960333,GA,0.325,-84.77945709,32.64341736,TRUE
139,139,Americus,0.034407429,GA,0.409,-84.4287796,32.25788498,TRUE
140,140,Auburn,0.034264803,AL,0.38,-85.61174774,32.3696785,TRUE
141,141,Tallahassee,0.047025815,FL,0.275,-84.78932953,30.43776703,TRUE
142,142,Panama City,0.058157489,FL,0.358,-85.3004837,30.09057236,TRUE
143,143,Bainbridge,0.039333332,GA,0.39,-84.77736664,31.03248024,TRUE
144,144,Thomasville,0.032886196,GA,0.389,-84.00038147,30.91230774,TRUE
145,145,Albany,0.027632687,GA,0.35,-84.15982819,31.53928566,TRUE
146,146,Eufaula,0.022954924,GA,0.388,-84.98408508,31.69158554,TRUE
147,147,Dothan,0.058282208,AL,0.361,-85.4327774,31.4178009,TRUE
148,148,Meridian,0.046772875,MS,0.333,-88.8334198,32.50096512,TRUE
149,149,Columbus,0.036027852,MS,0.362,-88.33162689,33.37766266,TRUE
150,150,Starkville,0.039936103,MS,0.437,-88.94408417,33.42533875,TRUE
151,151,Jasper,0.08658836,AL,0.32,-87.3326416,33.75097656,TRUE
152,152,Birmingham,0.050431833,AL,0.22,-86.71453094,33.48544693,TRUE
153,153,Tuscaloosa,0.040322579,AL,0.343,-87.35251617,32.83856964,TRUE
154,154,Demopolis,0.042383045,AL,0.337,-87.91146088,32.53043365,TRUE
155,155,Pensacola,0.061206341,FL,0.309,-86.71443176,30.54620552,TRUE
156,156,Mobile,0.051398002,AL,0.267,-87.66625977,31.48696327,TRUE
157,157,Atmore,0.04778761,AL,0.39,-87.34468842,31.43723106,TRUE
158,158,Montgomery,0.033037372,AL,0.278,-86.40086365,32.29231644,TRUE
159,159,Troy,0.067988671,AL,0.409,-86.18945313,31.71072197,TRUE
160,160,Bluefield,0.110749185,VA,0.32,-81.58043671,37.13780212,TRUE
161,161,Welch,0.159914717,WV,0.263,-81.63934326,37.48999405,FALSE
162,162,Big Stone Gap,0.103608251,VA,0.317,-82.72314453,36.91206741,TRUE
163,163,Fredericksburg,0.094581284,VA,0.205,-77.42506409,38.09423065,TRUE
164,164,Baltimore,0.064007394,MD,0.199,-76.79906464,39.27047348,FALSE
165,165,Colonial Beach,0.065451533,VA,0.31,-76.79663086,37.92970657,TRUE
166,166,Washington DC,0.109811738,DC,0.16,-77.43247223,38.92647552,FALSE
167,167,Marquette,0.096565135,MI,0.501,-86.90974426,46.17255402,FALSE
168,168,Marinette,0.102725364,MI,0.525,-88.14826965,45.66835785,FALSE
169,169,Sault Ste. Marie,0.099183194,MI,0.539,-84.50015259,46.18471146,FALSE
170,170,Jackson,0.063088782,MI,0.356,-84.37745667,41.94454956,FALSE
171,171,Detroit,0.054592762,MI,0.243,-83.29550934,42.76761627,FALSE
172,172,Lansing,0.064116739,MI,0.356,-84.64868164,42.67588043,FALSE
173,173,Mount Pleasant,0.064615384,MI,0.467,-84.76004791,43.56267166,FALSE
174,174,Saginaw,0.064408086,MI,0.376,-83.66697693,43.68544769,FALSE
175,175,Big Rapids,0.074307919,MI,0.407,-85.3946991,44.03862,FALSE
176,176,Ludington,0.076073617,MI,0.493,-86.18423462,44.1229744,FALSE
177,177,Kalamazoo,0.052623134,MI,0.36,-85.51405334,42.31286621,FALSE
178,178,Grand Rapids,0.063729167,MI,0.344,-85.72640991,43.18898392,FALSE
179,179,Traverse City,0.074248672,MI,0.356,-85.53103638,44.85496521,FALSE
180,180,Petoskey,0.076555021,MI,0.428,-84.79335022,45.39413834,FALSE
181,181,Alpena,0.078644067,MI,0.472,-83.69907379,45.03243637,FALSE
182,182,Grayling charter,0.074889869,MI,0.457,-84.43635559,44.68570328,FALSE
183,183,Dayton,0.048814505,OH,0.341,-84.10281372,40.02211761,FALSE
184,184,Washington Court House,0.053333335,OH,0.345,-83.56276703,39.29486847,FALSE
185,185,Wayne,0.053981107,IN,0.464,-85.0427475,39.70461655,FALSE
186,186,Cincinnati,0.051211949,OH,0.258,-84.26854706,38.85194016,FALSE
187,187,Maysville,0.05284553,KY,0.322,-83.67127991,38.49988937,FALSE
188,188,Washington,0.106587715,IN,0.314,-85.06417847,39.06488037,FALSE
189,189,Lexington-Fayette,0.053744998,KY,0.345,-84.50816345,38.13208389,FALSE
190,190,Mount Sterling,0.062291436,KY,0.323,-83.66343689,38.07839966,FALSE
191,191,Danville,0.072749689,KY,0.353,-84.72499084,37.70406342,FALSE
192,192,Elizabethtown,0.081598945,KY,0.338,-86.08812714,37.75444794,FALSE
193,193,Louisville,0.051995486,KY,0.261,-85.67814636,38.29935837,FALSE
194,194,Madison,0.093827158,IN,0.411,-85.39031982,38.69021225,FALSE
195,195,Bardstown,0.076216713,KY,0.373,-85.40478516,37.69906235,FALSE
196,196,Owensboro,0.092302568,KY,0.387,-86.98169708,37.51974106,FALSE
197,197,Findlay,0.07361456,OH,0.457,-83.32746124,40.9678688,FALSE
198,198,Lima,0.069481768,OH,0.445,-84.27178955,40.71055603,FALSE
199,199,Toledo,0.057480805,OH,0.345,-83.67787933,41.56814575,FALSE
200,200,Defiance,0.081473216,OH,0.437,-84.50655365,41.32344437,FALSE
201,201,South Bend,0.060134567,IN,0.385,-86.31632233,41.65645599,FALSE
202,202,Concord,0.073400989,IN,0.405,-85.493927,41.62029266,FALSE
203,203,Wayne,0.09151414,IN,0.439,-85.918396,41.05249786,FALSE
204,204,Center,0.066135086,IN,0.451,-86.25926971,40.64786148,FALSE
205,205,Muncie,0.05317324,IN,0.417,-85.45487213,40.21401596,FALSE
206,206,Fort Wayne,0.065946564,IN,0.352,-85.16653442,41.02527237,FALSE
207,207,Indianapolis,0.049006324,IN,0.262,-86.12268829,39.61138535,FALSE
208,208,Columbus,0.07468643,IN,0.404,-85.84690857,38.82661057,FALSE
209,209,Terre Haute,0.082625255,IN,0.391,-87.31515503,39.5072403,FALSE
210,210,Lafayette,0.090833567,IN,0.429,-87.08831787,40.32853699,FALSE
211,211,Bloomington,0.087185852,IN,0.397,-86.90383911,38.80783844,FALSE
212,212,Evansville,0.079238921,IN,0.366,-87.45471954,38.15335464,FALSE
213,213,Olney,0.116939887,IL,0.486,-88.0994873,38.2621994,FALSE
214,214,Vincennes,0.109839819,IN,0.488,-87.4358902,38.63715363,FALSE
215,215,Gary,0.081390135,IN,0.277,-87.26661682,41.21797562,FALSE
216,216,Canton,0.064910851,OH,0.378,-81.46593475,40.51917267,FALSE
217,217,Lorain,0.056600116,OH,0.362,-82.36574554,41.23490524,FALSE
218,218,Cleveland,0.050859265,OH,0.268,-81.48472595,41.27275467,FALSE
219,219,Parkersburg,0.070894405,WV,0.346,-81.44512177,39.19968033,FALSE
220,220,Zanesville,0.06840761,OH,0.346,-81.78363037,39.73433304,FALSE
221,221,Steubenville,0.072718151,OH,0.378,-80.70169067,40.40331268,FALSE
222,222,Wheeling,0.125404015,WV,0.343,-80.80915833,39.63764954,FALSE
223,223,Scioto,0.064859003,OH,0.322,-82.91053772,39.01025391,FALSE
224,224,Athens,0.074712642,OH,0.359,-82.06299591,38.99756622,FALSE
225,225,Columbus,0.049094066,OH,0.271,-82.73168182,39.955513,FALSE
226,226,Mansfield,0.064460784,OH,0.403,-82.74056244,40.66580963,FALSE
227,227,State College,0.113127649,PA,0.397,-78.18353271,40.85065079,FALSE
228,228,Altoona,0.102376908,PA,0.391,-78.6428299,40.21730042,FALSE
229,229,Pittsburgh,0.09514869,PA,0.287,-79.5761261,40.56790924,FALSE
230,230,Youngstown,0.066974595,OH,0.374,-80.60307312,41.01696014,FALSE
231,231,Erie,0.075166807,PA,0.427,-79.50363159,41.37420654,FALSE
232,232,Roanoke,0.064016424,VA,0.334,-80.16776276,37.31391525,TRUE
233,233,Elkins,0.10579937,WV,0.388,-79.78549194,38.79909134,FALSE
234,234,Morgantown,0.104958467,WV,0.336,-80.35366058,39.35725403,FALSE
235,235,Buckhannon,0.126410842,WV,0.377,-80.38296509,38.92645645,FALSE
236,236,Beckley,0.106445029,WV,0.33,-80.83281708,37.92498398,FALSE
237,237,Summersville,0.128528968,WV,0.329,-80.78368378,38.57168579,FALSE
238,238,Charleston,0.097229391,WV,0.28,-81.71581268,38.14339447,FALSE
239,239,Spencer,0.146567717,WV,0.268,-81.21302032,38.7986145,FALSE
240,240,Pikeville,0.137840375,KY,0.295,-82.60514832,37.75734711,FALSE
241,241,Huntington,0.068505749,KY,0.343,-82.89046478,38.28934479,FALSE
242,242,Harrisonburg,0.093889713,VA,0.378,-78.78279877,38.76070404,TRUE
243,243,Staunton,0.068016194,VA,0.344,-79.53544617,37.87011719,TRUE
244,244,Hagerstown,0.087094583,PA,0.298,-77.96205902,39.74362564,FALSE
245,245,Cumberland,0.096905537,MD,0.373,-78.82687378,39.27354431,FALSE
246,246,Winchester,0.097297296,VA,0.301,-78.40023041,39.2103653,TRUE
247,247,Charlottesville,0.061382599,VA,0.282,-78.23338318,38.04182434,TRUE
248,248,Syracuse,0.076672107,NY,0.378,-75.67182922,43.08464432,FALSE
249,249,Oneonta,0.092883892,NY,0.405,-75.07049561,42.43946075,FALSE
250,250,Union,0.088044025,NY,0.363,-76.06998444,42.13432312,FALSE
251,251,Buffalo,0.066782549,NY,0.333,-77.76609039,42.73807144,FALSE
252,252,Elmira,0.093692213,NY,0.411,-76.85247803,42.32451248,FALSE
253,253,Olean,0.080133051,NY,0.455,-78.44786835,42.10640717,FALSE
254,254,St. Marys,0.162983432,PA,0.53,-78.66275787,41.396698,FALSE
255,255,Watertown,0.101180442,NY,0.471,-75.53928375,44.10338974,FALSE
256,256,Plattsburgh,0.085456684,NY,0.47,-73.71260071,44.33129883,FALSE
257,257,Amsterdam,0.082840234,NY,0.416,-74.45137024,43.28619766,FALSE
258,258,Albany,0.083333336,NY,0.317,-73.85891724,42.85723114,FALSE
259,259,Sunbury,0.111366771,PA,0.396,-76.88127136,40.85955429,FALSE
260,260,Scranton,0.107453175,PA,0.351,-75.54238892,41.28376007,FALSE
261,261,Williamsport,0.10162095,PA,0.414,-77.2385025,41.27748489,FALSE
262,262,Allentown,0.082631499,PA,0.329,-75.45980835,40.84012222,FALSE
263,263,Reading,0.096309543,PA,0.344,-76.25319672,40.15399551,FALSE
264,264,Harrisburg,0.079268292,PA,0.314,-77.17478943,40.30975342,FALSE
265,265,Poughkeepsie,0.094835781,NY,0.301,-74.45875549,41.72276306,FALSE
266,266,New York,0.105000839,NY,0.156,-73.49343109,40.88682938,FALSE
267,267,Toms River,0.122297861,NJ,0.263,-74.32274628,40.02758789,FALSE
268,268,Newark,0.10242597,NJ,0.234,-74.64870453,40.71062469,FALSE
269,269,Philadelphia,0.074011669,PA,0.246,-75.30618286,39.86660767,FALSE
270,270,Wilmington,0.065723926,DE,0.251,-75.74407959,39.5715065,FALSE
271,271,Dover,0.062596008,DE,0.358,-75.53298187,38.53848267,FALSE
272,272,Easton,0.062635928,MD,0.32,-76.04237366,38.78691483,FALSE
273,273,Chincoteague,0.044514105,VA,0.393,-75.69618988,37.67191696,TRUE
274,274,Bangor,0.080909684,ME,0.403,-69.06671143,44.96829987,FALSE
275,275,Calais,0.068027213,ME,0.493,-67.60500336,44.99893951,FALSE
276,276,Presque Isle,0.085585587,ME,0.512,-68.52697754,46.39647675,FALSE
277,277,Portland,0.080598019,ME,0.363,-69.93924713,44.73403549,FALSE
278,278,Burlington,0.093187854,VT,0.366,-73.03452301,44.06721497,FALSE
279,279,Berlin,0.083530806,VT,0.433,-71.77488708,44.49932098,FALSE
280,280,Claremont,0.078877002,VT,0.383,-72.26516724,43.81871033,FALSE
281,281,Providence,0.08209534,RI,0.328,-71.35980988,41.66811752,FALSE
282,282,Nantucket,0.081081078,MA,0.818,-70.06336212,41.30394363,FALSE
283,283,Oak Bluffs,0.067669176,MA,0.576,-70.65581512,41.39079666,FALSE
284,284,Boston,0.104849979,MA,0.251,-71.18860626,42.21232986,FALSE
285,285,Manchester,0.100151748,NH,0.301,-71.29773712,43.47398376,FALSE
286,286,Keene,0.090111643,NH,0.407,-72.47473907,43.03258896,FALSE
287,287,Springfield,0.068050474,MA,0.342,-72.65020752,42.35914993,FALSE
288,288,Bridgeport,0.078617893,CT,0.308,-72.60929108,41.62807083,FALSE
289,289,Pittsfield,0.086519115,MA,0.479,-73.05254364,42.69446182,FALSE
290,290,Ashland,0.091032609,WI,0.533,-90.64930725,46.1779747,FALSE
291,291,Houghton,0.102272727,MI,0.55,-88.50948334,47.14747238,FALSE
292,292,Ironwood,0.121387281,MI,0.554,-89.61473083,46.49196243,FALSE
293,293,Rhinelander,0.106280193,WI,0.509,-89.08564758,45.83354568,FALSE
294,294,Rice Lake,0.101526208,WI,0.499,-91.40962219,45.66728973,FALSE
295,295,Amery,0.128550068,WI,0.356,-92.53437805,45.70658493,FALSE
296,296,Hutchinson,0.17706576,MN,0.464,-94.22481537,44.80722046,FALSE
297,297,Redwood Falls,0.197183102,MN,0.571,-95.05023193,44.57830048,FALSE
298,298,Mankato,0.126344085,MN,0.563,-94.4642868,44.21009064,FALSE
299,299,Owatonna,0.137931034,MN,0.544,-93.38687897,44.14463806,FALSE
300,300,St. Cloud,0.126889601,MN,0.398,-94.03432465,45.58083725,FALSE
301,301,Minneapolis,0.085201129,MN,0.264,-93.23178864,45.05221939,FALSE
302,302,Pine City,0.109697931,MN,0.342,-92.78715515,45.98841095,FALSE
303,303,Brainerd,0.084274545,MN,0.42,-94.17220306,46.69668961,FALSE
304,304,Rochester,0.142159849,MN,0.469,-92.44355011,44.23141861,FALSE
305,305,Austin,0.117732555,MN,0.555,-93.06188965,43.67218399,FALSE
306,306,Mason City,0.126598463,IA,0.58,-93.45683289,43.21741867,FALSE
307,307,Decorah,0.165714279,IA,0.542,-92.35417175,43.24679565,FALSE
308,308,Marshalltown,0.112634674,IA,0.535,-92.82466125,41.83216476,FALSE
309,309,Waterloo,0.122465864,IA,0.492,-92.31318665,42.52837372,FALSE
310,310,Iowa Falls,0.135761589,IA,0.561,-93.25441742,42.508255,FALSE
311,311,Iowa City,0.093184978,IA,0.432,-91.23965454,41.40127182,FALSE
312,312,Cedar Rapids,0.117318437,IA,0.42,-91.63126373,41.99135208,FALSE
313,313,Ottumwa,0.124497995,IA,0.493,-92.42608643,41.05661392,FALSE
314,314,Sheboygan,0.138090819,WI,0.512,-87.8510437,43.98555756,FALSE
315,315,Oshkosh,0.114854969,WI,0.445,-88.80226135,44.00268555,FALSE
316,316,Green Bay,0.091099039,WI,0.427,-87.72720337,44.87356949,FALSE
317,317,Shawano,0.083900228,WI,0.447,-88.79993439,45.03032303,FALSE
318,318,Wausau,0.124485269,WI,0.46,-90.00602722,44.51418686,FALSE
319,319,Eau Claire,0.113019578,WI,0.463,-91.52520752,44.42008972,FALSE
320,320,La Crosse,0.118193328,WI,0.45,-90.65921021,43.89809799,FALSE
321,321,Monroe,0.167138815,WI,0.461,-90.57526398,42.87565613,FALSE
322,322,Madison,0.092191175,WI,0.365,-89.6100235,43.44257736,FALSE
323,323,Dubuque,0.159482762,IA,0.524,-90.96627045,42.72333527,FALSE
324,324,Charleston,0.095867768,IL,0.481,-87.85723114,39.45609665,FALSE
325,325,Douglas,0.101545252,IL,0.485,-88.23326874,38.96908188,FALSE
326,326,Bloomington,0.084586464,IL,0.496,-88.83870697,40.53173065,FALSE
327,327,Decatur,0.067792796,IL,0.451,-88.51911163,39.94065857,FALSE
328,328,Burlington,0.10227973,IA,0.502,-91.42779541,40.68011475,FALSE
329,329,Galesburg,0.08859358,IL,0.509,-90.22035217,40.5695343,FALSE
330,330,Davenport,0.080944352,IL,0.393,-90.50654602,41.42436981,FALSE
331,331,Clinton,0.113879003,IA,0.479,-90.47133636,42.00504684,FALSE
332,332,Peoria,0.071781784,IL,0.394,-89.7173233,40.54253769,FALSE
333,333,Kenosha,0.069195643,WI,0.384,-88.44702911,42.6717453,FALSE
334,334,Milwaukee,0.04457067,WI,0.312,-88.32178497,43.20409012,FALSE
335,335,Bourbonnais,0.073096447,IL,0.41,-87.91181183,40.95016861,FALSE
336,336,Chicago,0.064929262,IL,0.201,-88.18816376,41.79792023,FALSE
337,337,Rockford,0.073538654,IL,0.4,-89.56007385,41.98062897,FALSE
338,338,Rolla,0.079737335,MO,0.463,-91.39875793,37.53683853,FALSE
339,339,Farmington,0.085244648,MO,0.368,-90.24582672,37.76231766,FALSE
340,340,St. Louis,0.05052314,MO,0.241,-90.7478714,38.47319794,FALSE
341,341,Mexico,0.075675674,MO,0.463,-91.66143799,39.0269928,FALSE
342,342,Jacksonville,0.09115044,IL,0.472,-90.40299225,39.73908234,FALSE
343,343,Springfield,0.067371599,IL,0.367,-89.57878876,39.91703796,FALSE
344,344,Edwardsville,0.087293699,IL,0.336,-90.19770813,39.08047867,FALSE
345,345,Quincy,0.089620486,IL,0.496,-91.18981934,39.62505722,FALSE
346,346,Mountain Home,0.089506172,AR,0.393,-92.49215698,36.29632187,TRUE
347,347,West Plains,0.081554875,MO,0.416,-91.55730438,37.00193787,FALSE
348,348,Harrison,0.099715099,AR,0.419,-93.26315308,36.11346817,TRUE
349,349,Heber Springs,0.109600678,AR,0.364,-92.12709045,35.77854538,TRUE
350,350,Batesville,0.096028879,AR,0.375,-91.62769318,35.98897171,TRUE
351,351,Henderson,0.099227801,KY,0.401,-87.76528931,37.48529434,FALSE
352,352,Union City,0.073929958,TN,0.403,-89.12158966,36.50653458,TRUE
353,353,Paducah,0.074477747,KY,0.378,-88.67106628,37.07408142,FALSE
354,354,Murray,0.070454545,KY,0.521,-88.16746521,36.60157776,FALSE
355,355,Centralia,0.081344374,IL,0.407,-89.07202148,38.37314224,FALSE
356,356,Carbondale,0.079047836,IL,0.418,-89.41007996,37.54735565,FALSE
357,357,Harrisburg,0.112137206,IL,0.429,-88.24759674,37.70446014,FALSE
358,358,Cape Girardeau,0.060051546,MO,0.436,-89.63217926,36.89881134,FALSE
359,359,Poplar Bluff,0.066825777,MO,0.401,-90.49706268,36.88948059,FALSE
360,360,Blytheville,0.051401869,AR,0.475,-89.90653992,36.03800964,TRUE
361,361,Jonesboro,0.081032261,AR,0.442,-90.70393372,36.14015579,TRUE
362,362,Roseau,0.1875,MN,0.533,-95.36074066,48.76197433,FALSE
363,363,Duluth,0.08911483,MN,0.437,-92.25388336,47.5231514,FALSE
364,364,West Cook UT,0.101694912,MN,0.588,-90.28932953,48.00813675,FALSE
365,365,International Falls,0.174129352,MN,0.618,-93.7525177,48.34368896,FALSE
366,366,Moberly,0.101372756,MO,0.468,-92.2747879,39.64715195,FALSE
367,367,Marshall,0.094837934,MO,0.559,-93.2859726,39.38939667,FALSE
368,368,Brookfield,0.111922137,MO,0.475,-93.11956787,39.54138184,FALSE
369,369,Trenton,0.108333334,MO,0.497,-93.56001282,40.28865433,FALSE
370,370,Polk,0.087136932,MO,0.405,-92.866539,40.38930511,FALSE
371,371,Centerville,0.146718144,IA,0.517,-93.18882751,40.80517197,FALSE
372,372,Kirksville,0.113438048,MO,0.575,-92.50550079,40.35305405,FALSE
373,373,Bismarck,0.186741367,ND,0.541,-101.2413788,46.9527359,FALSE
374,375,Linton,0.298913032,ND,0.646,-100.1607513,46.31258011,FALSE
375,377,Devils Lake,0.096474953,ND,0.627,-98.72877502,48.07733154,FALSE
376,378,Carrington,0.333333343,ND,0.656,-98.86683655,47.59697723,FALSE
377,379,Turtle Mountain UT,0.082554519,ND,0.574,-99.52817535,48.65229416,FALSE
378,380,Minot,0.224178404,ND,0.606,-101.1829376,48.44352341,FALSE
379,381,Rugby,0.219101131,ND,0.665,-99.93865204,47.84067535,FALSE
380,382,Ekalaka,0.229729727,SD,0.665,-104.3988113,45.6770401,FALSE
381,383,Baker,0.212765962,MT,0.713,-104.4404221,46.33258438,FALSE
382,384,Bowman,0.469696969,ND,0.648,-103.4252625,46.33992767,FALSE
383,385,Lemmon,0.357142866,ND,0.704,-102.4201126,45.96557999,FALSE
384,387,Wolf Point,0.094188377,MT,0.7,-105.2777939,47.97356415,FALSE
385,388,Plentywood,0.318181813,MT,0.681,-104.6538086,48.64743423,FALSE
386,389,Glasgow,0.166064978,MT,0.697,-107.2980347,47.95127106,FALSE
387,390,Glendive,0.266666681,MT,0.735,-104.5802383,47.0760231,FALSE
388,391,Dickinson,0.329207927,ND,0.659,-102.6135406,47.3269577,FALSE
389,392,Sidney,0.250569463,ND,0.637,-103.9324951,47.97699356,FALSE
390,393,Williston,0.338308454,ND,0.702,-103.3398666,48.25440979,FALSE
391,394,Brookings,0.166666672,SD,0.64,-97.04569244,44.25271225,FALSE
392,395,Madison,0.184357539,SD,0.632,-97.35136414,44.00357819,FALSE
393,396,Sioux Falls,0.118633144,SD,0.439,-96.86399841,43.24443817,FALSE
394,397,Watertown,0.143529415,SD,0.595,-97.20510864,44.77415466,FALSE
395,398,Milbank,0.170212761,MN,0.65,-96.50798798,45.44738388,FALSE
396,399,Sisseton,0.107066378,SD,0.563,-97.11304474,45.51088333,FALSE
397,400,East Corson UT,0.070028015,SD,0.505,-101.020462,46.02724457,FALSE
398,401,Mobridge,0.111111112,SD,0.708,-100.2668533,45.62107849,FALSE
399,402,Aberdeen,0.199268743,SD,0.676,-98.89090729,45.33486938,FALSE
400,403,Bemidji,0.095286883,MN,0.449,-95.27794647,47.46465683,FALSE
401,404,Grafton,0.232558146,ND,0.582,-97.40125275,48.46412659,FALSE
402,405,Thief River Falls,0.178756475,MN,0.534,-96.72994995,48.21841431,FALSE
403,406,Grand Forks,0.127949178,ND,0.613,-96.84928131,47.63110352,FALSE
404,407,Fargo,0.135817304,ND,0.518,-96.80470276,46.78217697,FALSE
405,408,Lisbon,0.235294119,ND,0.606,-97.9004364,46.16109848,FALSE
406,409,Jamestown,0.224056602,ND,0.667,-98.5546875,46.85998535,FALSE
407,411,Fergus Falls,0.152307689,MN,0.526,-95.80510712,45.92772293,FALSE
408,412,Little Falls,0.164556965,MN,0.435,-94.59442139,46.23093414,FALSE
409,413,O'Neill,0.189349115,NE,0.653,-98.70926666,42.44371033,FALSE
410,414,Ord,0.239234448,NE,0.658,-99.01965332,41.7120285,FALSE
411,415,Ainsworth,0.192052975,NE,0.67,-99.70069122,42.55544662,FALSE
412,416,Winner,0.139285713,SD,0.673,-99.58708954,43.48690033,FALSE
413,417,Yankton,0.171200007,SD,0.583,-97.76850891,42.81324005,FALSE
414,418,Mitchell,0.133819953,SD,0.641,-98.23804474,43.71949005,FALSE
415,419,Huron,0.120481931,SD,0.67,-98.40640259,44.23934937,FALSE
416,420,Parkston,0.157107234,SD,0.613,-98.4186554,43.17985535,FALSE
417,421,Chamberlain,0.080419578,SD,0.6,-99.73162079,43.84754181,FALSE
418,422,Miller,0.315068483,SD,0.697,-99.27758026,44.53313446,FALSE
419,423,Pierre,0.092436977,SD,0.767,-100.4342804,44.53273392,FALSE
420,424,Gettysburg,0.326530606,SD,0.729,-100.1954651,45.0510025,FALSE
421,425,Willmar,0.124713957,MN,0.549,-95.79323578,45.02997589,FALSE
422,426,Marshall,0.153061226,MN,0.621,-96.11171722,44.14323044,FALSE
423,427,Sioux Center,0.230769232,IA,0.629,-96.31761169,43.20659637,FALSE
424,428,Worthington,0.140293643,MN,0.589,-95.44126892,43.78089905,FALSE
425,429,Spencer,0.185007975,IA,0.598,-94.70322418,43.20801163,FALSE
426,430,Fairmont,0.128712878,MN,0.576,-94.34890747,43.57031631,FALSE
427,431,Storm Lake,0.173431739,IA,0.614,-95.32562256,42.50638962,FALSE
428,432,Fort Dodge,0.130044848,IA,0.572,-94.18214417,42.47451782,FALSE
429,433,Des Moines,0.091024824,IA,0.384,-93.92951202,41.60398483,FALSE
430,434,Creston,0.124513619,IA,0.556,-94.00727844,40.87550354,FALSE
431,435,Atlantic,0.151583716,IA,0.557,-95.06052399,41.53104401,FALSE
432,436,Carroll,0.167235494,IA,0.611,-94.89144135,42.0172081,FALSE
433,437,Rapid City,0.093032956,SD,0.484,-102.9856949,43.95537567,FALSE
434,438,Eagle Butte,0.05111821,SD,0.578,-100.9490509,44.87100601,FALSE
435,439,Southwest Jackson UT,0.110344827,SD,0.669,-101.5664139,44.20991898,FALSE
436,441,Mission,0.024253732,SD,0.465,-100.7022629,43.67805862,FALSE
437,442,Scottsbluff,0.119402982,NE,0.642,-103.2371445,42.10224152,FALSE
438,443,Cheyenne,0.095637582,WY,0.564,-103.619278,41.22678757,FALSE
439,444,Torrington,0.171581775,WY,0.624,-104.7554169,42.07083511,FALSE
440,445,Gordon,0.031948883,SD,0.588,-102.4207916,42.97958755,FALSE
441,446,Virginia Beach,0.151607961,NE,0.614,-97.60464478,42.04076004,FALSE
442,447,Columbus,0.169184297,NE,0.581,-97.66253662,41.45363617,FALSE
443,448,Hastings,0.111111112,NE,0.599,-98.40055847,40.37082291,FALSE
444,449,York,0.186813191,NE,0.628,-97.60134125,41.03922272,FALSE
445,450,Grand Island,0.142099679,NE,0.561,-98.08049011,41.15071869,FALSE
446,451,Sioux City,0.112523541,IA,0.454,-96.45620728,42.41978073,FALSE
447,452,West Point,0.100386098,NE,0.551,-96.39584351,41.96702194,FALSE
448,453,Lincoln,0.091316752,NE,0.434,-96.87757874,40.51989746,FALSE
449,454,Nebraska City,0.158351407,NE,0.514,-95.7429657,40.31529999,FALSE
450,455,Red Oak,0.124213837,IA,0.55,-95.20536804,40.83879471,FALSE
451,456,Omaha,0.077540748,NE,0.349,-96.01181793,41.37325668,FALSE
452,457,Sterling,0.14463453,CO,0.64,-102.9417191,40.26195526,FALSE
453,458,Ogallala,0.162280709,NE,0.614,-101.9265594,41.02142715,FALSE
454,460,Valentine,0.145348832,NE,0.704,-101.2975388,42.21408844,FALSE
455,461,Broken Bow,0.176470593,NE,0.63,-99.98648834,41.61204529,FALSE
456,462,North Platte,0.122767858,NE,0.598,-100.814537,41.27867889,FALSE
457,463,Colorado Springs,0.089342691,CO,0.311,-105.3561478,38.32243347,FALSE
458,464,Limon,0.178571433,CO,0.631,-103.5012054,38.91321182,FALSE
459,465,Springfield,0.191919193,CO,0.667,-102.7212067,37.3058548,FALSE
460,466,Pueblo,0.065621682,CO,0.44,-103.6605453,38.00615692,FALSE
461,467,Trinidad,0.117647059,CO,0.579,-104.9347076,37.63062286,FALSE
462,468,Burlington,0.204651162,CO,0.655,-102.8057022,38.81014252,FALSE
463,469,Oberlin,0.243243247,KS,0.645,-100.8070145,39.79944229,FALSE
464,470,Norton,0.168674693,KS,0.735,-99.99017334,39.70698166,FALSE
465,471,Phillipsburg,0.14864865,KS,0.652,-99.08483124,39.7482605,FALSE
466,472,Colby,0.195876285,KS,0.72,-100.7239456,39.06659317,FALSE
467,473,Goodland,0.19491525,KS,0.716,-101.6901779,39.08805847,FALSE
468,474,Wano,0.204545453,KS,0.661,-101.7088089,39.94098663,FALSE
469,475,McCook,0.182456136,NE,0.681,-101.1281662,40.33379364,FALSE
470,476,Kearney,0.164429531,NE,0.603,-99.04553986,40.68668747,FALSE
471,477,Lexington,0.165277779,NE,0.642,-99.85023499,40.45066452,FALSE
472,478,Salida,0.089473687,CO,0.644,-106.2054901,38.75741959,FALSE
473,479,Glenwood Springs,0.169014081,CO,0.424,-106.7265396,39.44956207,FALSE
474,480,Granby,0.075471699,CO,0.458,-106.0054932,40.10517502,FALSE
475,481,Laramie,0.162866443,WY,0.755,-106.1132126,41.11951447,FALSE
476,482,Fort Collins,0.115367778,CO,0.388,-104.9993668,40.08501816,FALSE
477,483,Denver,0.087027751,CO,0.23,-105.1261368,39.87371445,FALSE
478,484,Pratt,0.155172408,KS,0.706,-98.84619141,37.44801712,FALSE
479,486,Dodge City,0.113309354,KS,0.62,-99.93192291,37.61029816,FALSE
480,487,Great Bend,0.131280392,KS,0.59,-99.02153778,38.21062469,FALSE
481,488,Hutchinson,0.10738916,KS,0.522,-98.19816589,38.24101257,FALSE
482,489,Hays,0.157894731,KS,0.711,-99.22112274,38.91882706,FALSE
483,490,Township 11,0.115107916,KS,0.63,-99.64243317,39.31253433,FALSE
484,491,Center,0.149425283,KS,0.671,-100.0859909,38.47960663,FALSE
485,492,Concordia,0.152823925,KS,0.62,-97.84165955,39.68053436,FALSE
486,493,Superior,0.1863354,NE,0.634,-97.82563782,40.12400436,FALSE
487,494,Beloit,0.150375933,KS,0.69,-98.48547363,39.3434639,FALSE
488,495,Salina,0.082998663,KS,0.594,-97.88715363,39.02124405,FALSE
489,496,Hiawatha,0.171821311,KS,0.578,-95.83583832,39.75350189,FALSE
490,497,Marysville,0.145228222,KS,0.557,-96.819664,39.76867676,FALSE
491,498,Manhattan,0.088531189,KS,0.558,-96.54640961,39.08251953,FALSE
492,499,Topeka,0.070468798,KS,0.397,-95.84705353,39.0243988,FALSE
493,500,Wichita,0.072246693,KS,0.344,-97.57659912,37.52082443,FALSE
494,501,Newton,0.103496507,KS,0.563,-97.33188629,38.26798248,FALSE
495,502,Winfield,0.10986267,KS,0.504,-96.32216644,37.46088028,FALSE
496,503,Ottawa,0.092639595,KS,0.444,-95.37495422,38.20166779,FALSE
497,504,Emporia,0.10940171,KS,0.595,-96.11869049,38.32172775,FALSE
498,505,Bartlesville,0.089498803,KS,0.529,-95.57122803,37.16532898,FALSE
499,506,Leavenworth,0.080346108,KS,0.425,-95.05719757,39.27693176,FALSE
500,507,Kansas City,0.070146576,MO,0.281,-94.38174438,38.82955933,FALSE
501,508,St. Joseph,0.083113454,MO,0.406,-94.72216797,39.80957031,FALSE
502,509,Sedalia,0.082563154,MO,0.437,-93.55834961,38.25394058,FALSE
503,510,Polk,0.112745099,MO,0.569,-95.29441833,40.23490524,FALSE
504,511,Bethany,0.120845921,MO,0.468,-94.29198456,40.35356903,FALSE
505,512,Columbia,0.065512978,MO,0.422,-92.4945755,38.80968475,FALSE
506,513,Eldon,0.067785665,MO,0.336,-92.62184906,38.16008759,FALSE
507,514,Springfield,0.071467616,MO,0.344,-92.95655823,37.47497177,FALSE
508,515,Aurora,0.074891463,MO,0.363,-93.49754333,36.80260468,FALSE
509,516,Joplin,0.072286703,MO,0.454,-94.71572113,37.22660828,FALSE
510,517,Center,0.085664339,MO,0.467,-94.09624481,37.770298,FALSE
511,518,Russellville,0.088736087,AR,0.404,-93.50112915,35.23631668,TRUE
512,519,Fort Smith,0.093938597,AR,0.371,-94.65261841,35.18096161,TRUE
513,520,Muskogee,0.063101105,OK,0.388,-95.3609848,35.62084198,FALSE
514,521,Fayetteville,0.091806516,AR,0.378,-93.9666748,36.14060593,TRUE
515,522,Stillwater,0.098464318,OK,0.568,-97.07953644,36.2519455,FALSE
516,523,Tulsa,0.078357495,OK,0.323,-96.00587463,36.35557938,FALSE
517,524,Okmulgee,0.081061162,OK,0.369,-96.20625305,35.53468323,FALSE
518,525,Woodward,0.200000003,OK,0.556,-99.54933929,36.33114624,FALSE
519,526,Enid,0.149268791,OK,0.561,-98.65596771,36.39400482,FALSE
520,527,El Paso,0.086441279,TX,0.28,-105.8593826,31.53549957,TRUE
521,528,Alamogordo,0.084955752,NM,0.447,-105.5015945,33.18803787,FALSE
522,529,Truth or Consequences,0.081272088,NM,0.6,-107.5682602,32.97782135,FALSE
523,530,Deming,0.06972789,NM,0.51,-107.963707,32.6858902,FALSE
524,531,Van Horn,0.223463684,TX,0.753,-104.7364273,31.20840073,TRUE
525,532,Roswell,0.116612375,NM,0.539,-104.3254395,33.14016724,FALSE
526,533,Santa Rosa,0.120481931,NM,0.702,-104.5651703,34.50608826,FALSE
527,534,Hobbs,0.161949679,NM,0.598,-103.1146164,32.87368393,FALSE
528,535,Lubbock,0.067375377,TX,0.449,-101.9698639,33.39770889,TRUE
529,536,Clovis,0.082815737,NM,0.617,-103.3585205,34.35095596,FALSE
530,537,Littlefield,0.080366224,TX,0.607,-102.4688873,34.24190903,TRUE
531,538,Amarillo,0.086136706,TX,0.438,-102.07621,35.01696014,TRUE
532,539,Pampa,0.153333336,TX,0.549,-100.7961807,35.68777466,TRUE
533,540,Wellington,0.133640558,TX,0.64,-100.2593231,35.11793518,TRUE
534,541,Memphis,0.117154814,TX,0.601,-100.8501511,34.58508301,TRUE
535,543,Plainview,0.084852293,TX,0.612,-101.6776352,34.23498535,TRUE
536,544,Garden City,0.108910888,KS,0.586,-101.0449753,37.90377808,FALSE
537,545,Ulysses,0.190721646,KS,0.685,-101.4493408,37.42094803,FALSE
538,546,Scott City,0.191304341,KS,0.658,-101.3615189,38.45989609,FALSE
539,547,Liberal,0.121145375,KS,0.642,-100.4816284,37.04619217,FALSE
540,548,Perryton,0.232835814,TX,0.632,-100.772438,36.30082321,TRUE
541,549,Guymon,0.161702126,OK,0.609,-101.8250275,36.70602036,FALSE
542,550,Dumas,0.136015326,TX,0.611,-102.5147247,35.97253799,TRUE
543,551,Victoria,0.101472996,TX,0.425,-96.89043427,28.64389229,TRUE
544,552,La Grange,0.114014253,TX,0.457,-96.64813995,29.8095932,TRUE
545,553,Gonzales,0.069620252,TX,0.492,-97.48576355,29.45507431,TRUE
546,554,Austin,0.069321632,TX,0.249,-97.34928894,30.34607887,TRUE
547,555,Burnet,0.094736844,TX,0.349,-98.3323822,30.74760818,TRUE
548,556,San Antonio,0.06438259,TX,0.242,-98.32330322,29.32548332,TRUE
549,557,Beeville,0.10215947,TX,0.466,-97.65449524,28.54982758,TRUE
550,558,Kerrville,0.095637582,TX,0.471,-99.22693634,30.13759422,TRUE
551,559,Mason,0.174418598,TX,0.589,-99.20174408,30.72035408,TRUE
552,560,Midland,0.178886995,TX,0.462,-102.4643631,31.58391571,TRUE
553,561,Pecos,0.232954547,TX,0.632,-103.2329102,31.58716011,TRUE
554,562,Fort Stockton,0.22278057,TX,0.664,-102.1818542,30.84657669,TRUE
555,563,Alpine,0.18026565,TX,0.705,-103.6352158,29.74945068,TRUE
556,564,Crystal City,0.083204933,TX,0.606,-99.68631744,28.59832954,TRUE
557,565,Pearsall,0.09375,TX,0.544,-99.13024902,28.52157974,TRUE
558,566,Laredo,0.108853586,TX,0.327,-99.11489105,27.35385132,TRUE
559,567,Brownsville,0.091609113,TX,0.343,-97.88677979,26.29011726,TRUE
560,568,Corpus Christi,0.105567604,TX,0.387,-97.44354248,27.70552826,TRUE
561,569,College Station,0.077777781,TX,0.451,-96.40337372,30.69517136,TRUE
562,570,Pearland,0.115716122,TX,0.291,-95.81373596,29.20017052,TRUE
563,571,Houston,0.09273798,TX,0.21,-95.54590607,29.90282822,TRUE
564,572,Beaumont,0.094970569,TX,0.337,-94.03515625,30.64862442,TRUE
565,573,Huntsville,0.077342585,TX,0.411,-95.26525116,31.21398354,TRUE
566,574,Nacogdoches,0.093918398,TX,0.439,-94.10274506,31.52708817,TRUE
567,575,San Angelo,0.086386427,TX,0.479,-100.7596741,31.4733448,TRUE
568,576,Brady,0.118143462,TX,0.577,-99.54219818,31.46809578,TRUE
569,577,Junction,0.073469386,TX,0.542,-99.72380066,30.65185165,TRUE
570,578,Uvalde,0.096843615,TX,0.58,-100.0209579,29.92001915,TRUE
571,579,Del Rio,0.123060457,TX,0.515,-101.5324402,30.01642036,TRUE
572,580,Eagle Pass,0.100081034,TX,0.526,-100.3401642,28.54393578,TRUE
573,581,Big Spring,0.114441417,TX,0.633,-101.5630875,32.14839172,TRUE
574,582,Sweetwater,0.12202853,TX,0.588,-100.3800964,32.48177719,TRUE
575,583,Snyder,0.156089187,TX,0.608,-100.8495178,32.72692108,TRUE
576,584,Abilene,0.103291988,TX,0.487,-99.22882843,32.46583176,TRUE
577,585,Childress,0.078260869,TX,0.757,-100.1639481,34.29735184,TRUE
578,586,Haskell,0.169014081,TX,0.612,-99.89932251,33.61955643,TRUE
579,587,Wichita Falls,0.096604496,TX,0.441,-98.38246918,33.97848511,TRUE
580,588,Graham,0.175939843,TX,0.548,-98.59178925,33.16519928,TRUE
581,589,Seymour,0.086021505,TX,0.674,-99.21134949,33.59815216,TRUE
582,590,Vernon,0.088073395,TX,0.678,-99.5828476,34.11379623,TRUE
583,591,Brownwood,0.10866373,TX,0.495,-99.08785248,31.39281273,TRUE
584,592,Stephenville,0.11419753,TX,0.523,-98.34169769,31.99583435,TRUE
585,593,Waco,0.067537434,TX,0.363,-97.33197021,31.7745533,TRUE
586,594,Corsicana,0.101304345,TX,0.377,-96.00711823,31.64850426,TRUE
587,595,Killeen,0.077248268,TX,0.383,-98.1207428,31.1772728,TRUE
588,596,Fort Worth,0.091362856,TX,0.24,-97.73618317,32.97557831,TRUE
589,597,Dallas,0.071082465,TX,0.218,-96.97606659,33.37597656,TRUE
590,598,Paris,0.076712325,TX,0.39,-95.31303406,33.58971405,TRUE
591,599,Tyler,0.095106505,TX,0.33,-95.64369202,32.0152092,TRUE
592,600,Longview,0.114197075,TX,0.361,-94.66480255,32.37123108,TRUE
593,601,Texarkana,0.078893088,TX,0.399,-94.26612091,33.48603821,TRUE
594,602,Lawton,0.104880884,OK,0.472,-98.07527161,34.16087341,FALSE
595,603,Altus,0.112149529,OK,0.621,-99.30892181,34.66716003,FALSE
596,604,Frederick,0.074303404,OK,0.538,-99.00443268,34.37358093,FALSE
597,605,Ardmore,0.110788234,OK,0.442,-97.04316711,34.05104446,FALSE
598,606,Elk City,0.187198892,OK,0.604,-99.36138916,35.53198242,FALSE
599,607,Chickasha,0.115446284,OK,0.382,-98.07128906,35.21339798,FALSE
600,608,Oklahoma City,0.08207529,OK,0.305,-97.19595337,35.43068314,FALSE
601,609,Ada,0.116729423,OK,0.458,-96.40505219,34.78291702,FALSE
602,610,Sherman,0.08847981,TX,0.372,-96.4016571,33.86076736,TRUE
603,611,Hot Springs,0.070756733,AR,0.384,-93.46253204,34.06404877,TRUE
604,612,Idabel,0.092278719,OK,0.423,-94.80767822,33.94971848,FALSE
605,614,Anchorage,0.133952975,AK,0.364,-150.6782684,61.32980728,FALSE
606,615,Valdez,0.159999996,AK,0.687,-144.9578247,62.0689888,FALSE
607,617,Kotzebue,0.064516127,AK,0.864,-159.4378052,67.02818298,FALSE
608,618,Nome,0.046783626,AK,0.928,-162.0301208,64.47514343,FALSE
609,619,Dillingham,0.111842103,AK,0.812,-156.8317871,58.88792419,FALSE
610,620,Kodiak,0.146153852,AK,0.752,-154.8331146,57.98225403,FALSE
611,621,Juneau,0.125,AK,0.547,-136.0512848,58.65037918,FALSE
612,622,Sitka,0.070866145,AK,0.805,-132.3830719,56.49371338,FALSE
613,623,Ketchikan,0.122605361,AK,0.556,-131.5855103,55.94898224,FALSE
614,624,Bethel,0.051863857,AK,0.909,-158.3821259,61.37712097,FALSE
615,625,Barrow,0.100000002,AK,0.879,-153.8191986,68.37101746,FALSE
616,626,Unalaska,0.130434781,AK,0.852,-170.7196655,52.91202164,FALSE
617,627,Fairbanks,0.160626844,AK,0.477,-149.947403,64.20728302,FALSE
618,628,Havre,0.0821485,MT,0.714,-109.4126968,48.17143631,FALSE
619,629,Shelby,0.047505938,MT,0.664,-113.2559509,48.50295258,FALSE
620,630,Great Falls,0.096359745,MT,0.538,-111.069397,47.37815475,FALSE
621,631,Lewistown,0.171641797,MT,0.685,-108.9028244,47.31938171,FALSE
622,632,Cody,0.147403687,WY,0.617,-108.9638062,44.34892273,FALSE
623,633,Worland,0.130653262,WY,0.766,-108.4556885,43.71894455,FALSE
624,634,Riverton,0.124318428,WY,0.632,-109.1515884,43.4414444,FALSE
625,635,Sheridan,0.104493208,WY,0.583,-107.3653107,44.97467804,FALSE
626,636,Miles City,0.179282874,MT,0.755,-105.343277,46.66508102,FALSE
627,638,Colstrip,0.088888891,MT,0.693,-107.0254974,46.12818146,FALSE
628,639,Billings,0.130519167,MT,0.446,-108.3647156,45.9727478,FALSE
629,640,Harlowton,0.200000003,MT,0.696,-110.8638611,46.63560867,FALSE
630,641,Dillon,0.116883114,MT,0.73,-112.8630981,45.06940079,FALSE
631,642,Bozeman,0.125968993,MT,0.527,-111.284935,45.44599152,FALSE
632,643,Helena,0.119741097,MT,0.472,-112.1091843,46.6794281,FALSE
633,644,Butte-Silver Bow,0.089366518,MT,0.61,-113.0626144,46.27347946,FALSE
634,645,Bonners Ferry,0.099137932,ID,0.438,-116.6835632,48.78676605,FALSE
635,646,Libby,0.130260527,MT,0.599,-115.3273239,48.28434753,FALSE
636,647,Kalispell,0.110841423,MT,0.45,-114.4555206,48.02499771,FALSE
637,648,Missoula,0.105627306,MT,0.467,-114.3804092,46.5549202,FALSE
638,649,Gillette,0.264184386,WY,0.536,-105.1586533,44.25107574,FALSE
639,650,Rawlins,0.193415642,WY,0.722,-107.2571335,41.5921669,FALSE
640,651,Casper,0.1662689,WY,0.528,-106.0161438,42.78221893,FALSE
641,653,Honolulu,0.105292603,HI,0.235,-157.9321899,21.4360733,FALSE
642,654,Kapaa,0.099307157,HI,0.37,-159.7645569,21.99382973,FALSE
643,655,Kahului,0.084893882,HI,0.384,-156.808609,21.01157188,FALSE
644,656,Las Vegas,0.085848421,NM,0.537,-104.8272629,36.06868744,FALSE
645,657,Santa Fe,0.080323316,NM,0.371,-105.9622192,36.23500061,FALSE
646,658,Tucumcari,0.073033705,NM,0.689,-103.9974594,35.63302231,FALSE
647,659,Clayton,0.12230216,NM,0.625,-103.4148178,36.28738022,FALSE
648,660,Alamosa,0.098867923,CO,0.552,-105.8650208,37.70302963,FALSE
649,661,Albuquerque,0.065984614,NM,0.273,-106.6865387,35.30916214,FALSE
650,662,Socorro,0.052117262,NM,0.565,-107.2575073,33.99178696,FALSE
651,663,Phoenix,0.075277291,AZ,0.242,-111.2946472,34.01496887,FALSE
652,664,Safford,0.110591903,AZ,0.53,-109.8251343,33.35108948,FALSE
653,665,Tucson,0.070549995,AZ,0.291,-111.0153809,32.08977509,FALSE
654,666,Grand Junction,0.146367148,CO,0.465,-107.929718,38.24682617,FALSE
655,667,Gunnison,0.10619469,CO,0.644,-106.9783707,38.55570602,FALSE
656,668,Farmington,0.091447525,NM,0.388,-107.6833267,37.35906219,FALSE
657,669,Flagstaff,0.081450909,AZ,0.461,-111.7975159,35.68649292,FALSE
658,670,Cortez,0.126780629,CO,0.502,-109.9322205,37.68797684,FALSE
659,671,Gallup,0.041061398,AZ,0.468,-109.3631363,34.48004913,FALSE
660,672,Hilo,0.068267584,HI,0.346,-155.5252686,19.57883072,FALSE
661,673,Twin Falls,0.087119184,ID,0.505,-114.1120682,43.3184967,FALSE
662,674,Burley,0.113892369,ID,0.536,-113.5997849,42.5788765,FALSE
663,675,Boise City,0.073920421,ID,0.342,-115.8388214,43.88101196,FALSE
664,676,Ontario,0.08448416,OR,0.49,-117.264679,44.12631226,FALSE
665,677,McCall,0.124031007,ID,0.561,-115.7999039,44.72644043,FALSE
666,678,St. George,0.108483292,UT,0.575,-112.8234177,38.04713058,FALSE
667,679,Price,0.137343928,UT,0.577,-110.5037231,39.19399261,FALSE
668,680,Moab,0.11797753,UT,0.752,-109.9014969,38.92660141,FALSE
669,681,Richfield,0.128603101,UT,0.633,-111.5695038,38.23861694,FALSE
670,682,Loa,0.209677413,UT,0.628,-110.3235626,38.31745148,FALSE
671,683,Provo,0.137511998,UT,0.454,-112.0073929,39.74200439,FALSE
672,684,Salt Lake City,0.108327426,UT,0.294,-111.5724487,40.61962891,FALSE
673,685,Logan,0.13690953,UT,0.528,-111.9947891,41.98722839,FALSE
674,686,Pocatello,0.092508666,ID,0.517,-112.3168564,43.61785126,FALSE
675,687,Salmon,0.154929578,ID,0.582,-114.1753082,44.61720657,FALSE
676,688,Jackson,0.113924049,WY,0.488,-110.6054153,43.95529938,FALSE
677,689,Steamboat Springs,0.158904105,CO,0.549,-107.3094482,40.40969086,FALSE
678,690,Vernal,0.253378391,UT,0.557,-109.9159775,40.21995544,FALSE
679,691,Soda Springs,0.17699115,ID,0.575,-111.7631073,42.54293823,FALSE
680,692,Rock Springs,0.205394194,WY,0.545,-110.0383224,41.91302109,FALSE
681,693,Klamath Falls,0.085617594,CA,0.528,-121.7403717,41.15644836,FALSE
682,694,Burns,0.139393941,OR,0.73,-119.1090164,43.08067703,FALSE
683,695,Lakeview,0.109826587,OR,0.692,-120.3503876,42.76520538,FALSE
684,696,Redding,0.088071346,CA,0.424,-122.1635361,40.30780029,FALSE
685,697,Eureka,0.07579273,CA,0.497,-123.0484848,40.84222794,FALSE
686,698,Medford,0.071968012,OR,0.429,-123.2816467,42.61839676,FALSE
687,699,Crescent City,0.08342246,CA,0.626,-123.9329529,42.31748581,FALSE
688,700,Roseburg,0.081977882,OR,0.462,-123.3719406,43.07090759,FALSE
689,701,Modesto,0.093628272,CA,0.372,-120.410408,37.66864014,FALSE
690,702,Bakersfield,0.121619716,CA,0.362,-119.1086044,35.30618668,FALSE
691,703,Fresno,0.074879371,CA,0.351,-119.22789,36.71687317,FALSE
692,704,Chico,0.094842598,CA,0.442,-121.6650085,39.53987122,FALSE
693,705,Sacramento,0.096909009,CA,0.285,-120.8810654,38.54524994,FALSE
694,706,San Jose,0.129325882,CA,0.244,-121.2914886,36.79400253,FALSE
695,707,Elko,0.160294116,NV,0.513,-116.7512283,39.81857681,FALSE
696,708,Winnemucca,0.16955018,NV,0.496,-118.4091873,41.0092392,FALSE
697,709,Portola,0.117647059,CA,0.552,-120.8507614,39.97616959,FALSE
698,710,Reno,0.091030493,NV,0.378,-118.7568665,39.50427246,FALSE
699,711,Santa Rosa,0.099550895,CA,0.349,-122.7677917,38.93232346,FALSE
700,712,San Francisco,0.121525869,CA,0.212,-122.1985855,38.06606293,FALSE
701,713,Las Vegas,0.080029011,NV,0.245,-114.0264969,36.05942535,FALSE
702,714,Reno,0.109756097,NV,0.687,-118.5917435,38.64191818,FALSE
703,715,Mammoth Lakes,0.115942031,CA,0.64,-118.7063065,37.27253342,FALSE
704,716,San Diego,0.104364753,CA,0.247,-117.1072693,33.10883331,FALSE
705,717,Yuma,0.098213226,CA,0.45,-114.6705933,33.04047394,FALSE
706,718,Santa Barbara,0.112940833,CA,0.448,-120.0722809,34.86935425,FALSE
707,719,Los Angeles,0.096090205,CA,0.225,-116.2886734,34.07516861,FALSE
708,720,Lewiston,0.09020979,ID,0.555,-115.7686844,46.12074661,FALSE
709,721,Pullman,0.142361105,WA,0.557,-117.4569702,46.73067093,FALSE
710,722,Moses Lake,0.096579477,WA,0.512,-119.3423462,47.29811096,FALSE
711,723,Wenatchee,0.093546048,WA,0.503,-120.1486206,47.9200592,FALSE
712,724,Spokane,0.092801489,WA,0.348,-116.9176559,47.73950195,FALSE
713,725,Colville,0.097524755,WA,0.427,-119.368103,48.25589752,FALSE
714,726,Longview,0.09277267,WA,0.448,-123.4893112,46.43405533,FALSE
715,727,Portland,0.093058541,OR,0.258,-122.5852432,45.50732803,FALSE
716,728,The Dalles,0.104380243,OR,0.53,-120.9777756,45.38042831,FALSE
717,729,Eugene,0.078895815,OR,0.381,-122.91716,44.46360397,FALSE
718,730,Newport,0.072574481,OR,0.49,-123.6389465,45.18978882,FALSE
719,731,Yakima,0.081706584,WA,0.427,-120.9370956,46.98318863,FALSE
720,732,Kennewick,0.105854802,WA,0.453,-118.6931992,45.92147064,FALSE
721,733,La Grande,0.087674715,OR,0.645,-117.8991852,44.90513611,FALSE
722,734,Enterprise,0.143790856,OR,0.644,-117.2639389,45.51634216,FALSE
723,735,Bend,0.081726357,OR,0.474,-121.1511154,44.22486496,FALSE
724,736,Condon,0.108695649,OR,0.546,-120.3259811,45.21966553,FALSE
725,737,John Day,0.11585366,OR,0.579,-118.5311966,44.59402466,FALSE
726,738,Friday Harbor,0.101694912,WA,0.628,-123.0529556,48.52537918,FALSE
727,739,Bellingham,0.115575127,WA,0.418,-121.263443,48.83115387,FALSE
728,740,Port Angeles,0.085840061,WA,0.486,-123.5446472,47.91206741,FALSE
729,741,Seattle,0.108550951,WA,0.24,-122.0122299,47.64439392,FALSE